{
  "id": "",
  "name": "",
  "font_family": "iconfont",
  "css_prefix_text": "icon-",
  "description": "",
  "glyphs": [
    {
      "icon_id": "654164",
      "name": "短信验证码",
      "font_class": "duanxinyanzhengma",
      "unicode": "e61b",
      "unicode_decimal": 58907
    },
    {
      "icon_id": "1117467",
      "name": "裕农通-请输入手机号码",
      "font_class": "yunongtongqingshurushoujihaoma",
      "unicode": "e639",
      "unicode_decimal": 58937
    },
    {
      "icon_id": "1120971",
      "name": "密码",
      "font_class": "mima",
      "unicode": "e621",
      "unicode_decimal": 58913
    },
    {
      "icon_id": "1142238",
      "name": "密码",
      "font_class": "mima1",
      "unicode": "e608",
      "unicode_decimal": 58888
    },
    {
      "icon_id": "1506751",
      "name": "账户",
      "font_class": "zhanghu",
      "unicode": "e657",
      "unicode_decimal": 58967
    },
    {
      "icon_id": "4488850",
      "name": "手机号码",
      "font_class": "shoujihaoma",
      "unicode": "e62c",
      "unicode_decimal": 58924
    },
    {
      "icon_id": "9447888",
      "name": "密码",
      "font_class": "mima2",
      "unicode": "e668",
      "unicode_decimal": 58984
    },
    {
      "icon_id": "14151838",
      "name": "密码",
      "font_class": "mima3",
      "unicode": "e632",
      "unicode_decimal": 58930
    }
  ]
}
